,fixed acidity,volatile acidity,citric acid,residual sugar,alcohol,quality,total,chlorides,free sulfur dioxide,total sulfur dioxide,density,pH,sulphates
1278,7.0,0.24,0.36,4.9,10.8,6,171.07720000000003,0.083,10.0,133.0,0.9942,3.33,0.37
1836,7.0,0.19,0.23,5.7,9.4,6,158.2184,0.12300000000000001,27.0,104.0,0.9954,3.04,0.54
1839,7.0,0.19,0.23,5.7,9.4,6,158.2184,0.12300000000000001,27.0,104.0,0.9954,3.04,0.54
4698,7.0,0.27,0.74,1.3,9.2,6,178.17633999999998,0.17300000000000001,34.0,121.0,0.99334,3.04,0.46
4811,7.0,0.17,0.42,1.0,11.4,6,114.99603,0.075,19.0,71.0,0.99103,3.32,0.62
